name,displayName,description,module,path,standalone
"editorial-review-prose","Editorial Review - Prose","Clinical copy-editor that reviews text for communication issues","core","_byan/command/editorial-review-prose.xml","true"
"editorial-review-structure","Editorial Review - Structure","Structural editor that proposes cuts, reorganization,
    and simplification while preserving comprehension","core","_byan/core/tasks/editorial-review-structure.xml","true"
"help","help","Get unstuck by showing what workflow steps come next or answering questions about what to do","core","_byan/command/help.md","true"
"index-docs","Index Docs","Generates or updates an index.md of all documents in the specified directory","core","_byan/command/index-docs.xml","true"
"review-adversarial-general","Adversarial Review (General)","Cynically review content and produce findings","core","_byan/command/review-adversarial-general.xml","true"
"shard-doc","Shard Document","Splits large markdown documents into smaller, organized files based on level 2 (default) sections","core","_byan/command/shard-doc.xml","true"
"workflow","Execute Workflow","Execute given workflow by loading its configuration, following instructions, and producing output","core","_byan/command/workflow.xml","false"

